{
  "medians": {
    "p (mbar)": 989.58,
    "T (degC)": 9.41,
    "Tdew (degC)": 5.22,
    "rh (%)": 79.3,
    "VPact (mbar)": 8.86,
    "VPdef (mbar)": 2.18,
    "wv (m/s)": 1.76,
    "max. wv (m/s)": 2.96,
    "wd (deg)": 198.1,
    "dT_10": -0.010000000000000009,
    "dT_30": -0.03999999999999915,
    "dT_60": -0.07000000000000028,
    "dp_10": 0.0,
    "dp_30": 0.0,
    "dp_60": 0.0,
    "drh_10": 0.0,
    "drh_30": 0.09999999999999432,
    "drh_60": 0.20000000000000284,
    "T_mean_1h": 9.411666666666667,
    "T_std_1h": 0.19846074338187247,
    "p_mean_1h": 989.57,
    "p_std_1h": 0.0960034699196358,
    "rh_mean_1h": 79.28333333333333,
    "rh_std_1h": 0.875595035738503,
    "T_mean_3h": 9.42388888888889,
    "T_std_3h": 0.4903966648466389,
    "p_mean_3h": 989.5694444444445,
    "p_std_3h": 0.2354206363606839,
    "rh_mean_3h": 79.17666666666666,
    "rh_std_3h": 2.136792538568499,
    "T_mean_12h": 9.625763888888889,
    "T_std_12h": 1.6960552564979645,
    "p_mean_12h": 989.569375,
    "p_std_12h": 0.7790414210800127,
    "rh_mean_12h": 77.90006944444445,
    "rh_std_12h": 7.170219912219353,
    "dew_spread": 3.349999999999998,
    "hour_sin": 1.2246467991473532e-16,
    "hour_cos": -1.8369701987210297e-16,
    "doy_sin": 6.432490598706546e-16,
    "doy_cos": 0.004303538296243821
  },
  "iqrs": {
    "p (mbar)": 10.529999999999973,
    "T (degC)": 12.100000000000001,
    "Tdew (degC)": 9.84,
    "rh (%)": 24.16000000000001,
    "VPact (mbar)": 6.14,
    "VPdef (mbar)": 4.42,
    "wv (m/s)": 1.8699999999999999,
    "max. wv (m/s)": 2.9700000000000006,
    "wd (deg)": 109.19999999999999,
    "dT_10": 0.20000000000000118,
    "dT_30": 0.5300000000000011,
    "dT_60": 0.9799999999999978,
    "dp_10": 0.11999999999989086,
    "dp_30": 0.2799999999999727,
    "dp_60": 0.5199999999999818,
    "drh_10": 0.9499999999999957,
    "drh_30": 2.3000000000000114,
    "drh_60": 4.129999999999999,
    "T_mean_1h": 12.100000000000001,
    "T_std_1h": 0.25391628271628297,
    "p_mean_1h": 10.516666666666765,
    "p_std_1h": 0.09972179180980818,
    "rh_mean_1h": 24.034999999999982,
    "rh_std_1h": 1.1529008478948266,
    "T_mean_3h": 12.080555555555556,
    "T_std_3h": 0.6008474146705352,
    "p_mean_3h": 10.507777777777733,
    "p_std_3h": 0.25366027948114633,
    "rh_mean_3h": 23.35388888888889,
    "rh_std_3h": 2.731632400457279,
    "T_mean_12h": 11.912951388888889,
    "T_std_12h": 1.7534849735367177,
    "p_mean_12h": 10.388923611111068,
    "p_std_12h": 0.7898765463047022,
    "rh_mean_12h": 19.280625000000015,
    "rh_std_12h": 7.021508248849726,
    "dew_spread": 4.740000000000001,
    "hour_sin": 1.414213562373095,
    "hour_cos": 1.414213562373095,
    "doy_sin": 1.4111672202143555,
    "doy_cos": 1.4111541524336166
  }
}